Contoh_ID,Aksara_ID,Contoh_Aksara_Jawa,Tulisan_Latin,Arti,Path_Audio,Timestamp_Data (Format JSON untuk Highlight)
1,1,ê¦²ê¦¤ ê¦²ê¦¥,Ana apa,Ada apa,anaapa.mp3,"0 0.2 a
0.2 0.4 na
0.4 0.6 a
0.6 1.32 pa"
2,1,ê¦²ê¦¶ê¦ê¦¶ ê¦²ê¦ºê¦´ê¦©ê¦ƒê¦ê¦¸,Iki omahku,Ini rumahku,ikiomahku.mp3,"0.017 0.23 i
0.237 0.47 ki
0.472 0.65 o
0.658 0.95 mah
0.969 1.584 ku"
3,1,ê¦²ê¦— ê¦­ê¦­ê¦¶,Aja lali,Jangan lupa,ajalali.mp3,"0 0.2 a
0.2 0.5 ja
0.5 0.8 la
0.8 1.43 li"
4,1,ê¦²ê¦®ê¦¤ê§€ ê¦²ê¦¶ê¦ê¦¶,Awan iki,Siang ini,awaniki.mp3,"0.09 0.268 a
0.268 0.44 wa
0.44 0.472 n
0.472 0.673 i
0.673 1.344 ki"
5,1,ê¦²ê¦¶ê¦«ê¦¸ê¦ê¦”ê¦º ê¦©ê¦šê§€ê¦•ê¦¸ê¦,Irunge mancung,Hidungnya mancung,irungemancung.mp3,"0.001 0.14 i
0.142 0.36 rung
0.367 0.69 e
0.691 0.85 ma
0.85 0.925 n
0.925 1.728 cung"
6,2,ê¦¤ê¦¸ê¦­ê¦¶ê¦±ê§€ ê¦±ê¦¸ê¦«ê¦ ê§€,Nulis surat,Menulis surat,nulissurat.mp3,"0.049 0.282 nu
0.282 0.467 lis
0.467 0.682 su
0.682 1.296 rat"
7,2,ê¦¤ê¦’ ê¦±ê¦±ê§€ê¦ ê¦¿,Naga sastra,Naga sastra,nagasastra.mp3,"0.087 0.374 na
0.374 0.629 ga
0.629 0.875 sas
0.875 1.608 tra"
8,2,ê¦¤ê¦¼ê¦’ê¦« ê¦²ê¦¶ê¦¤ê§€ê¦ê¦ºê¦´ê¦¤ê¦ºê¦±ê¦¶ê¦ª,Negara Indonesia,Negara Indonesia,negaraindonesia.mp3,"0.142 0.309 ne
0.309 0.538 ga
0.538 0.715 ra
0.715 0.913  in
0.913 1.133 do
1.133 1.345 ne
1.345 1.482 si
1.482 2.04 ya"
9,2,ê¦¤ê¦¸ê¦©ê§€ê¦¥ê¦ê§€ ê¦ê¦½ê¦ ,Numpak kreta,Naik kereta,numpakkreta.mp3,"0.058 0.299 num
0.299 0.648 pak
0.648 0.913 kre
0.913 1.584 ta"
10,2,ê¦¤ê¦ºê¦´ê¦¤ê§€ê¦ ê¦ºê¦´ê¦¤ê§€ ê¦¥ê¦³ê¦¶ê¦­ê¦ºê¦©ê§€,Nonton film,Menonton film,nontonfilm.mp3,"0.144 0.441 non
0.441 0.671 ton
0.671 0.948 fi
0.948 1.536 lem"
11,3,ê¦•ê¦«ê¦ ê¦©ê¦­ê¦©ê§€,Caraka malam,Utusan malam,carakamalam.mp3,"0.147 0.347 ca
0.347 0.556 ra
0.556 0.773 ka
0.773 0.994 ma
0.994 1.728 lam"
12,3,ê¦•ê¦¼ê¦‚ê¦ê¦±ê§€ ê¦•ê¦¼ê¦‚ê¦©ê¦ ê§€,Cerdas cermat,Cerdas cermat,cerdascermat.mp3,"0.166 0.384 cer
0.384 0.638 das
0.638 0.865 cer
0.865 1.44 mat"
13,3,ê¦•ê¦¿ê¦¶ê¦  ê¦«ê¦ê¦¾ê¦ ê§€,Crita rakyat,Cerita rakyat,critarakyat.mp3,"0.203 0.404 cri
0.404 0.617 ta
0.617 0.869 rak
0.869 1.416 yat"
14,3,ê¦•ê¦¤ê§€ê¦ê¦¶ ê¦§ê¦«ê¦§ê¦¸ê¦ê¦¸ê¦‚,Candhi Barabudhur,Candi Borobudur,candhibarabudhur.mp3,"0.147 0.359 can
0.359 0.562 dhi
0.562 0.775 ba
0.775 0.964 ra
0.964 1.159 bu
1.159 1.968 dhur"
15,3,ê¦•ê¦¸ê¦§ê§€ê¦­ê¦ê§€ ê¦±ê¦¸ê¦®ê¦¼ê¦,Cublak suweng,Cublak suweng (nama permainan),cublaksuweng.mp3,"0.148 0.401 cu
0.401 0.656 blak
0.656 0.893 su
0.893 1.536 weng"
16,4,ê¦«ê¦ ê¦¸ ê¦§ê¦,Ratu Baka,Ratu Baka,ratubaka.mp3,"0.092 0.361 ra
0.361 0.589 tu
0.589 0.834 ba
0.834 1.44 ka"
17,4,ê¦«ê¦± ê¦²ê¦¶ê¦ê¦¶,Rasa iki,Rasa ini,rasaiki.mp3,"0.108 0.302 ra
0.302 0.526 sa
0.526 0.721 i
0.721 1.368 ki"
18,4,ê¦‰ê¦©ê§€ê¦§ê¦¸ê¦­ê¦¤ê§€,Rembulan,Bulan,rembulan.mp3,"0.087 0.303 rem
0.303 0.516 bu
0.516 1.224 lan"
19,4,ê¦«ê¦©ê¦¶ ê¦§ê¦”ê¦¼ê¦ ê§€,RamÃ© banget,Ramai sekali,ramebanget.mp3,"0.138 0.325 ra
0.325 0.538 mé
0.538 0.785 ba
0.785 1.32 nget"
20,4,ê¦«ê¦ºê¦´ê¦ ê¦—ê¦©ê§€,Rong jam,Dua jam,rongjam.mp3,"0.102 0.467 rong
0.467 1.176 jam"
21,5,ê¦ê¦• ê¦©ê¦ºê¦´ê¦ ê¦ºê¦´,Kaca mata,Kacamata,kacamata.mp3,"0.150 0.354 ka
0.354 0.582 ca
0.582 0.582 ma
0.840 1.464 ta"
22,5,ê¦ê¦¸ê¦› ê¦©ê¦­ê¦,Kutha Malang,Kota Malang,kuthamalang.mp3,"0.082 0.302 ku
0.302 0.519 tha
0.519 0.760 ma
0.760 1.488 lang"
23,5,ê¦ê¦¼ê¦©ê§€ê¦§ê¦ ê¦©ê¦®ê¦‚,Kembang mawar,Bunga mawar,kembangmawar.mp3,"0.081 0.321 kem
0.321 0.547 bang
0.547 0.840 ma
0.840 1.560 war"
24,5,ê¦ê¦¥ê¦­ê§€ ê¦©ê¦§ê¦¸ê¦‚,Kapal mabur,Pesawat terbang,kapalmabur.mp3,"0.201 0.393 ka
0.393 0.642 pal
0.642 0.915 ma
0.915 1.632 bur"
25,5,ê¦ê¦¶ê¦¢ê¦¸ê¦ ê¦—ê¦©ê¦¤ê§€,Kidung jaman,Lagu zaman,kidungjaman.mp3,"0.168 0.366 ki
0.366 0.591 dung
0.591 0.861 ja
0.861 1.584 man"
26,6,ê¦¢ê¦¢ê¦‚ ê¦’ê¦¸ê¦­ê¦¸ê¦,Dadar gulung,Dadar gulung,dadargulung.mp3,"0.156 0.338 da
0.338 0.602 dar
0.602 0.887 gu
0.887 1.608 lung"
27,6,ê¦¢ê¦¶ê¦¤ ê¦±ê¦¼ê¦¤ê¦ºê¦¤ê§€,Dina SenÃ¨n,Hari Senin,dinasenen.mp3,"0.153 0.383 di
0.383 0.561 na
0.561 0.788 se
0.788 1.440 nèn"
28,6,ê¦¢ê¦¸ê¦®ê¦º ê¦²ê¦ê¦ºê¦ƒ,DuwÃ© akÃ¨h,Punya banyak,duweakeh.mp3,"0.082 0.272 du
0.272 0.485 wé
0.485 0.668 a
0.668 1.32 kèh"
29,6,ê¦¢ê¦ºê¦± ê¦ê¦¸ê¦­,DÃ©sa kula,Desa saya,desakula.mp3,"0.108 0.314 dé
0.314 0.526 sa
0.526 0.738 ku
0.738 1.368 la"
30,6,ê¦¢ê¦ºê¦´ê¦­ê¦¤ê¦¤ê§€ ê¦§ê¦‰ê¦,Dolanan bareng,Main bersama,dolananbareng.mp3,"0.100 0.320 do
0.320 0.515 la
0.515 0.752 nan
0.752 0.990 ba
0.990 1.68 reng"
31,7,ê¦ ê¦¸ê¦©ê§€ê¦§ê¦±ê§€ ê¦§ê¦¸ê¦ê¦¸,Tumbas buku,Beli buku,tumbasbuku.mp3,"0.144 0.358 tum
0.358 0.587 bas
0.587 0.891 bu
0.891 1.488 ku"
32,7,ê¦ ê¦¼ê¦­ê¦¸ê¦ ê¦®ê¦‚ê¦¤,Telung warna,Tiga warna,telungwarna.mp3,"0.163 0.343 te
0.343 0.489  lung
0.489 0.754 war
0.754 1.464 na"
33,7,ê¦ ê¦¼ê¦ ê¦—ê¦ê¦‚ê¦ ,Teka Jakarta,Dari Jakarta,tekajakarta.mp3,"0.055 0.305 te
0.305 0.550 ka
0.550 0.825 ja
0.825 1.073 kar
1.073 1.704 ta"
34,7,ê¦ ê¦ºê¦´ê¦ê¦ºê¦´ ê¦«ê¦ºê¦´ê¦ ê¦¶,Toko roti,Toko roti,tokoroti.mp3,"0.070 0.325 to
0.325 0.558 ko
0.558 0.790 ro
0.790 1.416 ti"
35,7,ê¦ ê¦¼ê¦©ê§€ê¦§ê¦ ê¦©ê¦•ê¦¥ê¦ ê§€,Tembang macapat,Tembang macapat,tembangmacapat.mp3,"0.129 0.348 tem
0.348 0.557 bang
0.557 0.789 ma
0.789 1.096 ca
1.096 1.608 pat"
36,8,ê¦±ê¦¼ê¦’ ê¦’ê¦ºê¦´ê¦«ê¦ºê¦,Sega gorÃ¨ng,Nasi goreng,segagoreng.mp3,"0.126 0.336 se
0.336 0.577 ga
0.577 0.843 go
0.843 1.560 rèng"
37,8,ê¦±ê¦¸ê¦« ê¦¢ê¦¶ê¦«,Sura dira,Keberanian,suradira.mp3,"0.060 0.303 su
0.303 0.535 ra
0.535 0.781 di
0.781 1.416 ra"
38,8,ê¦±ê¦©ê§€ê¦¥ê¦¸ê¦¤ê§€ ê¦ê¦²ê¦‚,Sampun dhahar,Sudah makan,sampundhahar.mp3,"0.087 0.368 sam
0.368 0.637 pun
0.637 0.922 dha
0.922 1.608 har"
39,8,ê¦±ê¦¼ê¦ê¦ºê¦´ê¦­ê¦ƒ ê¦©ê¦¶ê¦ê¦’ê¦¸,Sekolah Minggu,Sekolah hari Minggu,sekolahminggu.mp3,"0.122 0.348 se
0.348 0.588 ko
0.588 0.791 lah
0.791 1.029 ming
1.029 1.728 gu"
40,8,ê¦±ê¦¶ê¦ ê¦±ê¦§ê¦‚,Sing sabar,Yang sabar,singsabar.mp3,"0.087 0.322 sing
0.322 0.597 sa
0.597 1.344 bar"
41,9,ê¦®ê¦ªê¦ ê¦ê¦¸ê¦­ê¦¶ê¦ ê§€,Wayang kulit,Wayang kulit,wayangkulit.mp3,"0.167 0.322 wa
0.322 0.555 yang
0.555 0.794 ku
0.794 1.320 lit"
42,9,ê¦®ê¦¶ê¦±ê§€ ê¦©ê¦”ê¦¤ê§€,Wis mangan,Sudah makan,wismangan.mp3,"0.165 0.372 wis
0.372 0.669 ma
0.669 1.320 ngan"
43,9,ê¦®ê¦¸ê¦­ê¦¤ê§€ ê¦±ê¦¸ê¦«,Wulan Sura,Bulan Suro,wulansura.mp3,"0.098 0.314 wu
0.314 0.516 lan
0.516 0.792 su
0.792 1.392 ra"
44,9,ê¦®ê¦ºê¦´ê¦ ê¦—ê¦®,Wong Jawa,Orang Jawa,wongjawa.mp3,"0.109 0.355 wong
0.355 0.643 ja
0.643 1.272 wa"
45,9,ê¦®ê¦‚ê¦¤ ê¦²ê¦§ê¦,Warna abang,Warna merah,warnaabang.mp3,"0.122 0.355 war
0.355 0.602 na
0.602 0.844 a
0.844 1.536 bang"
46,10,ê¦­ê¦« ê¦§ê¦¿ê¦ ,Lara brata,Tapa brata,larabrata.mp3,"0.080 0.285 la
0.285 0.483 ra
0.483 0.781 bra
0.781 1.512 ta"
47,10,ê¦­ê¦¸ê¦” ê¦¥ê¦±ê¦‚,Lunga pasar,Pergi ke pasar,lungapasar.mp3,"0.080 0.321 lu
0.321 0.570 nga
0.570 0.825 pa
0.825 1.512 sar"
48,10,ê¦­ê¦¶ê¦©ê¦ ê¦²ê¦ºê¦®ê¦¸,Limang Ã¨wu,Lima ribu,limangewu.mp3,"0.058 0.305 li
0.305 0.529 mang
0.529 0.773 è
0.773 1.416 wu"
49,10,ê¦­ê¦ºê¦©ê§€ê¦§ê¦ƒ ê¦©ê¦¤ê¦ƒ,Lembah manah,Rendah hati,lembahmanah.mp3,"0.132 0.366 lem
0.366 0.610 bah
0.610 0.858 ma
0.858 1.416 nah"
50,10,ê¦­ê¦¸ê¦©ê¦ê¦¸ ê¦²ê¦­ê¦ºê¦´ê¦¤ê§€,Lumaku alon,Jalan pelan,lumakualon.mp3,"0.086 0.315 u
0.315 0.520 ma
0.520 0.769 ku
0.769 1.025 a
1.025 1.608 lon"
51,11,ê¦¥ê¦±ê¦‚ ê¦’ê¦¼ê¦ê¦º,Pasar gedhÃ©,Pasar besar,pasargedhe.mp3,
52,11,ê¦¥ê¦¶ê¦ ê¦¸ê¦ ê¦®ê¦‚ê¦¤,Pitung warna,Tujuh warna,pitungwarna.mp3,
53,11,ê¦¥ê¦¸ê¦ ê¦¸ ê¦²ê¦ªê¦¸,Putu ayu,Putu ayu (nama kue),putuayu.mp3,
54,11,ê¦¥ê¦¶ê¦¤ê§€ê¦ ê¦¼ê¦‚ ê¦§ê¦”ê¦¼ê¦ ê§€,Pinter banget,Pintar sekali,pinterbanget.mp3,
55,11,ê¦¥ê¦¤ê§€ê¦ê¦® ê¦­ê¦¶ê¦©,Pandhawa lima,Pandawa lima,pandhawalima.mp3,
56,12,ê¦ê¦® ê¦²ê¦¸ê¦«ê¦¶ê¦¥ê¦º,Dhawa uripÃ©,Panjang umurnya,dhawauripe.mp3,
57,12,ê¦ê¦²ê¦‚ ê¦«ê¦¸ê¦©ê¦¶ê¦ªê¦¶ê¦¤ê§€,Dhahar rumiyin,Makan dahulu,dhaharrumiyin.mp3,
58,12,ê¦ê¦ºê¦´ê¦­ê¦¤ê¦¤ê§€ ê¦²ê¦šê¦‚,Dholanan anyar,Mainan baru,dholanananyar.mp3,
59,12,ê¦ê¦¸ê¦ê¦¸ê¦ƒ ê¦²ê¦¶ê¦—ê¦ºê¦´,Dhukuh ijo,Dusun hijau,dhukuhijo.mp3,
60,12,ê¦ê¦¸ê¦®ê¦¶ê¦ ê§€ê¦ ê¦º ê¦²ê¦ê¦ºê¦ƒ,DhuwitÃ© akÃ¨h,Uangnya banyak,dhuwiteakeh.mp3,
61,13,ê¦—ê¦ ê¦ ê¦¶ê¦ê¦ê¦¶ê¦‚,Jaka Tingkir,Jaka Tingkir,jakatingkir.mp3,
62,13,ê¦—ê¦©ê§€ ê¦¥ê¦¶ê¦«,Jam pira,Jam berapa,jampira.mp3,
63,13,ê¦—ê¦¼ê¦«ê¦¸ê¦ê§€ ê¦Šê¦’ê¦¶,Jeruk legi,Jeruk manis,jeruklegi.mp3,
64,13,ê¦—ê¦—ê¦¤ê§€ ê¦¥ê¦±ê¦‚,Jajan pasar,Jajanan pasar,jajanpasar.mp3,
65,13,ê¦—ê¦¼ê¦¤ê¦¼ê¦ê¦”ê¦º ê¦±ê¦¥,JenengÃ© sapa,Namanya siapa,jenengesapa.mp3,
66,14,ê¦ªê¦¸ê¦ªê¦¸ ê¦ê¦ê¦ê¦,Yuyu kangkang,Yuyu kangkang (nama tembang),yuyukangkang.mp3,
67,14,ê¦ªê¦ºê¦¤ê§€ ê¦±ê¦©ê§€ê¦¥ê¦ºê¦ªê¦¤ê§€,YÃ¨n sampÃ©yan,Jika Anda,yensampeyan.mp3,
68,14,ê¦ªê¦¸ê¦ ê¦©ê¦”ê¦¤ê§€,Yuk mangan,Ayo makan,yukmangan.mp3,
69,14,ê¦ªê¦¸ê¦±ê§€ê¦® ê¦¥ê¦¶ê¦«,Yuswa pira,Umur berapa,yuswapira.mp3,
70,14,ê¦ªê¦ªê¦±ê¦¤ê§€ ê¦±ê¦ºê¦´ê¦±ê¦¶ê¦ªê¦­ê§€,Yayasan sosial,Yayasan sosial,yayasansosial.mp3,
71,15,ê¦šê¦¸ê¦®ê¦¸ê¦¤ê§€ ê¦¥ê¦”ê¦¥ê¦¸ê¦«,Nyuwun pangapura,Meminta maaf,nyuwunpangapura.mp3,
72,15,ê¦šê¦©ê§€ê¦§ê¦¸ê¦ ê§€ ê¦’ê¦®ê¦º,Nyambut gawÃ©,Bekerja,nyambutgawe.mp3,
73,15,ê¦šê¦¸ê¦§ê¦¿ê¦ ê¦ê¦­ê¦¶,Nyebrang kali,Menyeberang sungai,nyebrangkali.mp3,
74,15,ê¦šê¦¶ê¦«ê¦©ê§€ ê¦ê¦¼ê¦©ê§€ê¦§ê¦,Nyiram kembang,Menyiram bunga,nyiramkembang.mp3,
75,15,ê¦šê¦¶ê¦ªê¦¥ê¦ê¦º ê¦§ê¦¸ê¦ê¦¸,NyiapakÃ© buku,Menyiapkan buku,nyiapakebuku.mp3,
76,16,ê¦©ê¦•ê¦¤ê§€ ê¦¥ê¦¸ê¦ ê¦¶ê¦ƒ,Macan putih,Macan putih,macanputih.mp3,
77,16,ê¦©ê¦¿ê¦¶ê¦¥ê¦ ê§€ ê¦§ê¦¶ê¦«ê¦¸,Mripat biru,Mata biru,mripatbiru.mp3,
78,16,ê¦©ê¦¸ê¦ ê¦ê¦ºê¦´ê¦®ê¦º,Mung kowÃ©,Hanya kamu,mungkowe.mp3,
79,16,ê¦©ê¦¼ê¦¤ê¦¸ê¦—ê¦¸ ê¦±ê¦ºê¦´ê¦­ê¦ºê¦´,Menuju Solo,Menuju Solo,menujusolo.mp3,
80,16,ê¦©ê¦”ê¦¤ê§€ ê¦±ê¦¼ê¦’,Mangan sega,Makan nasi,mangansega.mp3,
81,17,ê¦’ê¦¸ê¦¤ê¦¸ê¦ ê¦§ê¦¿ê¦©,Gunung Brama,Gunung Bromo,gunungbrama.mp3,
82,17,ê¦’ê¦¼ê¦ê¦º ê¦ê¦¸ê¦®ê¦¸ê¦‚,GedhÃ© dhuwur,Besar dan tinggi,gedhedhuwur.mp3,
83,17,ê¦’ê¦¸ê¦­ ê¦—ê¦®,Gula Jawa,Gula Jawa,gulajawa.mp3,
84,17,ê¦’ê¦®ê¦º ê¦±ê¦¼ê¦’,GawÃ© sega,Membuat nasi,gawesega.mp3,
85,17,ê¦’ê¦ºê¦´ê¦­ê¦ºê¦ê§€ ê¦²ê¦¶ê¦­ê§€ê¦©ê¦¸,GolÃ¨k ilmu,Mencari ilmu,golekilmu.mp3,
86,18,ê¦§ê¦¥ê¦ê§€ ê¦¥ê¦¸ê¦•ê¦¸ê¦,Bapak pucung,Bapak pucung (nama tembang),bapakpucung.mp3,
87,18,ê¦§ê¦¸ê¦ê¦¸ ê¦•ê¦«ê¦¶ê¦ ,Buku carita,Buku cerita,bukucarita.mp3,
88,18,ê¦§ê¦¶ê¦± ê¦©ê¦•,Bisa maca,Bisa membaca,bisamaca.mp3,
89,18,ê¦§ê¦¸ê¦ê¦­ê§€ ê¦±ê¦²ê¦¶ê¦ê¦¶,Budhal saiki,Berangkat sekarang,budhalsaiki.mp3,
90,18,ê¦§ê¦­ê¦¶ ê¦©ê¦¼ê¦šê¦ ê¦²ê¦ºê¦´ê¦©ê¦ƒ,Bali menyang omah,Pulang ke rumah,balimenyangomah.mp3,
91,19,ê¦›ê¦¸ê¦ê¦¸ê¦­ê§€ ê¦²ê¦¶ê¦—ê¦ºê¦´,Thukul ijo,Tumbuh hijau,thukulijo.mp3,
92,19,ê¦ê¦¼ê¦¤ê§€ê¦›ê¦ºê¦´ê¦ ê¦›ê¦¶ê¦›ê¦¶ê¦‚,Kenthong thithir,Kenthongan dipukul cepat,kenthongthithir.mp3,
93,19,ê¦ê¦¤ê§€ê¦›ê¦¶ê¦­ê§€ ê¦›ê¦¸ê¦®ê¦¸ê¦ê§€,Kanthil thuwuk,Kuncup tumbuh,kanthilthuwuk.mp3,
94,19,ê¦›ê¦¼ê¦›ê¦¼ê¦­ê§€ ê¦²ê¦¶ê¦—ê¦ºê¦´,Thethel ijo,Jangkrik hijau,thethelijo.mp3,
95,19,ê¦›ê¦ºê¦´ê¦ê§€ê¦­ê¦º ê¦­ê¦ºê¦´ê¦«ê¦ºê¦´,ThoklÃ¨ loro,Dua tokek,thokleloro.mp3,
96,20,ê¦”ê¦ºê¦´ê¦§ê¦¿ê¦ºê¦´ê¦­ê§€ ê¦±ê¦±ê§€ê¦ ê¦¿,Ngobrol sastra,Mengobrol sastra,ngobrolsastra.mp3,
97,20,ê¦”ê¦¸ê¦¤ê§€ê¦—ê¦¸ê¦ê§€ ê¦ê¦ºê¦´ê¦¥ê¦¶,Ngunjuk kopi,Minum kopi (krama),ngunjukkopi.mp3,
98,20,ê¦”ê¦¤ê§€ê¦ ê¦¶ ê¦±ê¦ºê¦´ê¦«ê¦º,Nganti sorÃ©,Sampai sore,ngantisore.mp3,
99,20,ê¦”ê¦¶ê¦©ê§€ê¦¥ê¦¶ ê¦²ê¦¶ê¦¤ê§€ê¦¢ê¦ƒ,Ngimpi indah,Mimpi indah,ngimpiindah.mp3,
100,20,ê¦”ê¦«ê¦¶ê¦ ê§€ ê¦±ê¦¸ê¦ê¦¼ê¦ ê§€,Ngarit suket,Mencari rumput,ngaritsuket.mp3,
101,21,ê¦®ê¦¸ê¦­ê¦¤ê§€ê¦²ê¦¥,Wulan apa,Bulan apa,,
102,22,ê¦²ê¦¤ê§€ê¦¤ê¦’,Ana naga,Ada naga,,
103,23,ê¦²ê¦¤ê§€ê¦•ê¦«,Ana cara,Ada cara,,
104,24,ê¦²ê¦¤ê§€ê¦«ê¦±,Ana rasa,Ada rasa,,
105,25,ê¦²ê¦¤ê§€ê¦ê¦•,Ana kaca,Ada kaca,,
106,26,ê¦²ê¦¤ê§€ê¦¢ê¦¸ê¦¢ê¦¸,Ana dudu,Ada bukan,,
107,27,ê¦²ê¦¤ê§€ê¦ ê¦ ,Ana tata,Ada aturan,,
108,28,ê¦²ê¦¤ê§€ê¦±ê¦¥,Ana sapa,Ada siapa,,
109,29,ê¦²ê¦¤ê§€ê¦®ê¦ª,Ana waya,Ada waktu,,
110,30,ê¦²ê¦¤ê§€ê¦­ê¦¶ê¦©,Ana lima,Ada lima,,
111,31,ê¦²ê¦¤ê§€ê¦¥ê¦¥,Ana papa,Ada ayah,,
112,32,ê¦²ê¦¤ê§€ê¦ê¦®,Ana dhawa,Ada panjang,,
113,33,ê¦²ê¦¤ê§€ê¦—ê¦®,Ana jawa,Ada orang Jawa,,
114,34,ê¦²ê¦¤ê§€ê¦ªê¦¸ê¦®ê¦¤,Ana yuwana,Ada pemuda,,
115,35,ê¦²ê¦¤ê§€ê¦šê¦ ,Ana nyata,Ada nyata,,
116,36,ê¦²ê¦¤ê§€ê¦©ê¦ ,Ana mata,Ada mata,,
117,37,ê¦²ê¦¤ê§€ê¦’ê¦—ê¦ƒ,Ana gajah,Ada gajah,,
118,38,ê¦²ê¦¤ê§€ê¦§ê¦¥,Ana bapa,Ada ayah,,
119,39,ê¦²ê¦¤ê§€ê¦›ê¦¸ê¦ê¦¸ê¦­ê§€,Ana thukul,Ada tumbuh,,
120,40,ê¦²ê¦¤ê§€ê¦”ê¦¤ê§€ê¦ ê¦¶,Ana nganti,Ada menunggu,,
121,41,ê¦±ê¦¶ê¦—ê¦¶,Siji,Satu,siji.mp3,
122,42,ê¦§ê¦¸ê¦ê¦¸,Buku,Buku,buku.mp3,
123,43,ê¦­ê¦ºê¦­ê¦º,LÃ©lÃ©,Lele,lele.mp3,
124,44,ê¦±ê¦¼ê¦’,Sega,Nasi,sega.mp3,
125,45,ê¦±ê¦ºê¦´ê¦ ê¦ºê¦´,Soto,Soto,soto.mp3,
126,46,ê¦¥ê¦±ê¦‚,Pasar,Pasar,pasar.mp3,
127,47,ê¦­ê¦®ê¦,Lawang,Pintu,lawang.mp3,
128,48,ê¦’ê¦—ê¦ƒ,Gajah,Gajah,gajah.mp3,
129,49,ê¦²ê¦¤ê¦ê§€,Anak,Anak,anak.mp3,
130,50,ê¦•ê¦ê¦¿,Cakra,Cakra,cakra.mp3,
131,51,ê¦ê¦½ê¦ ,Kreta,Kereta,kreta.mp3,
132,52,ê¦ê¦¾ê¦²ê¦¶,Kyai,Kyai,kyai.mp3,
133,53,ê¦Ÿê¦¸ê¦±ê¦¤ê§€ê¦ ê¦«,Nusantara,Nusantara,nusantara.mp3,
134,54,ê¦‘ê¦¸ê¦±ê¦¸ê¦©,Kusuma,Kusuma,kusuma.mp3,
135,55,ê¦¡ê¦¸ê¦§ê¦¤ê§€,Tuban,Tuban,tuban.mp3,
136,56,ê¦¯ê¦¸ê¦«ê¦ê¦‚ê¦ ,Surakarta,Surakarta,surakarta.mp3,
137,57,ê¦¦ê¦ê¦¸ê¦§ê¦¸ê¦®ê¦¤,Pakubuwana,Pakubuwana,pakubuwana.mp3,
138,58,ê¦˜ê¦²ê¦¶ê¦„ê¦’ê¦¼ê¦,Nyai Ageng,Jarang dipakai,nyaiageng.mp3,
139,59,ê¦“ê¦—ê¦ƒê¦©ê¦¢,Gajahmada,Gajah Mada,gajahmada.mp3,
140,60,ê¦¨ê¦¸ê¦¥ê¦ ê¦¶,Bupati,Bupati,bupati.mp3,
141,61,ê¦ê¦³ê¦¸ê¦±ê¦¸ê¦±ê§€,Khusus,Khusus,khusus.mp3,
142,62,ê¦¢ê¦³ê¦¶ê¦ê¦¶ê¦‚,Dzikir,Dzikir,dzikir.mp3,
143,63,ê¦¥ê¦³ê¦¶ê¦ ê§€ê¦¤ê¦ƒ,Fitnah,Fitnah,fitnah.mp3,
144,64,ê¦—ê¦³ê¦ê¦ ê§€,Zakat,Zakat,zakat.mp3,
145,65,ê¦’ê¦³ê¦¶ê¦§ê¦ƒ,Ghibah,Ghibah,ghibah.mp3,
146,66,ê¦„ê¦‚ê¦—ê¦¸ê¦¤,Arjuna,Arjuna,arjuna.mp3,
147,67,ê¦†ê¦¤ê§€ê¦¢ê¦ºê¦´ê¦¤ê¦ºê¦±ê¦¶ê¦ª,IndonÃ©sia,Indonesia,indonesia.mp3,
148,68,ê¦ˆê¦±ê§€ê¦ ê¦¢ê§€,Ustad,Ustad,ustad.mp3,
149,69,ê¦Œê¦«ê¦ºê¦´ê¦¥,Ã‰ropa,Eropa,eropa.mp3,
150,70,ê¦ê¦‚ê¦’ê¦¤ê¦¶ê¦±ê¦±ê¦¶,Organisasi,Organisasi,organisasi.mp3,
151,71,ê§‡ê§‘ê§•ê§‡â€‹ ê¦—ê¦¤ê¦¸ê¦®ê¦«ê¦¶ ê§‡ê§’ê§ê§“ê§”ê§‡â€‹,15 Januari 2034,15 Januari 2034,15januari2034.mp3,
152,72,ê§‡ê§‘ê§•ê§‡â€‹ ê¦—ê¦¤ê¦¸ê¦®ê¦«ê¦¶ ê§‡ê§’ê§ê§“ê§”ê§‡â€‹,15 Januari 2034,15 Januari 2034,15januari2034.mp3,
153,73,ê§‡ê§‘ê§•ê§‡â€‹ ê¦—ê¦¤ê¦¸ê¦®ê¦«ê¦¶ ê§‡ê§’ê§ê§“ê§”ê§‡â€‹,15 Januari 2034,15 Januari 2034,15januari2034.mp3,
154,74,ê§‡ê§‘ê§•ê§‡â€‹ ê¦—ê¦¤ê¦¸ê¦®ê¦«ê¦¶ ê§‡ê§’ê§ê§“ê§”ê§‡â€‹,15 Januari 2034,15 Januari 2034,15januari2034.mp3,
155,75,ê§‡ê§‘ê§•ê§‡â€‹ ê¦—ê¦¤ê¦¸ê¦®ê¦«ê¦¶ ê§‡ê§’ê§ê§“ê§”ê§‡â€‹,15 Januari 2034,15 Januari 2034,15januari2034.mp3,
156,76,ê§‡ê§‘ê§•ê§‡â€‹ ê¦—ê¦¤ê¦¸ê¦®ê¦«ê¦¶ ê§‡ê§’ê§ê§“ê§”ê§‡â€‹,15 Januari 2034,15 Januari 2034,15januari2034.mp3,
157,77,ê¦«ê¦ºê¦’ê¦¤ê¦º ê§‡ê§–ê§—ê§˜ê§™ê§ê§ê§‡,Regane 678900,Harganya 678900,regane678900.mp3,
158,78,ê¦«ê¦ºê¦’ê¦¤ê¦º ê§‡ê§–ê§—ê§˜ê§™ê§ê§ê§‡,Regane 678900,Harganya 678900,regane678900.mp3,
159,79,ê¦«ê¦ºê¦’ê¦¤ê¦º ê§‡ê§–ê§—ê§˜ê§™ê§ê§ê§‡,Regane 678900,Harganya 678900,regane678900.mp3,
160,80,ê¦«ê¦ºê¦’ê¦¤ê¦º ê§‡ê§–ê§—ê§˜ê§™ê§ê§ê§‡,Regane 678900,Harganya 678900,regane678900.mp3,
